date,source,title,address,borough,developers,url
2026-09-17,DOB NOW: Build – Approved Permits,Structural,EASTERN PARKWAY,Brooklyn,AGUDAS CHASIDES CHABAD,https://data.cityofnewyork.us/resource/rbx6-tga4.json
2026-09-17,DOB NOW: Build – Approved Permits,General Construction,52 STREET,Queens,SUNNYHILL,https://data.cityofnewyork.us/resource/rbx6-tga4.json
2026-09-17,DOB NOW: Build – Approved Permits,General Construction,FOCH AVENUE,STATEN ISLAND,N/A,https://data.cityofnewyork.us/resource/rbx6-tga4.json
2026-09-17,DOB NOW: Build – Approved Permits,General Construction,102 STREET,Queens,VIKING,https://data.cityofnewyork.us/resource/rbx6-tga4.json
2026-09-17,DOB NOW: Build – Approved Permits,Full Demolition,AMBOY ROAD,Staten Island,RICHMONDTOWN VILLAGE LLC,https://data.cityofnewyork.us/resource/rbx6-tga4.json
2026-09-17,DOB NOW: Build – Approved Permits,General Construction,NORTH    3 STREET,Brooklyn,ROBIN SYSTEM INC,https://data.cityofnewyork.us/resource/rbx6-tga4.json
2026-09-17,DOB NOW: Build – Approved Permits,General Construction,FIFTH AVENUE,Manhattan,JAMES LETSEN,https://data.cityofnewyork.us/resource/rbx6-tga4.json
2026-09-17,DOB NOW: Build – Approved Permits,Structural,WEST   22 STREET,Manhattan,"Icon Realty Management, LLC",https://data.cityofnewyork.us/resource/rbx6-tga4.json
2026-09-17,DOB NOW: Build – Approved Permits,Foundation,GRYMES HILL ROAD,Staten Island,PR,https://data.cityofnewyork.us/resource/rbx6-tga4.json
2026-09-17,DOB NOW: Build – Approved Permits,General Construction,WEMPLE STREET,Staten Island,BORREGO,https://data.cityofnewyork.us/resource/rbx6-tga4.json
2026-09-17,DOB NOW: Build – Approved Permits,General Construction,SIXTH AVENUE,Manhattan,FRIEDLAND PROPERTIES,https://data.cityofnewyork.us/resource/rbx6-tga4.json
2026-09-17,DOB NOW: Build – Approved Permits,Structural,WILDER AVENUE,Bronx,PR,https://data.cityofnewyork.us/resource/rbx6-tga4.json
2026-09-17,DOB NOW: Build – Approved Permits,General Construction,BEACH   19 STREET,Queens,ST. JOHN'S EPISCOPAL HOSPITAL,https://data.cityofnewyork.us/resource/rbx6-tga4.json
2026-09-17,DOB NOW: Build – Approved Permits,General Construction,CHRISTOPHER AVENUE,Brooklyn,PR,https://data.cityofnewyork.us/resource/rbx6-tga4.json
2026-09-17,DOB NOW: Build – Approved Permits,General Construction,EAST   31 STREET,Manhattan,36 EAST 31 COMPANY,https://data.cityofnewyork.us/resource/rbx6-tga4.json
2026-09-17,DOB NOW: Build – Approved Permits,Structural,EGBERT AVENUE,Staten Island,Not Applicable,https://data.cityofnewyork.us/resource/rbx6-tga4.json
2026-09-17,DOB NOW: Build – Approved Permits,Earth Work,TRYON PLACE,Queens,PR,https://data.cityofnewyork.us/resource/rbx6-tga4.json
2026-09-17,DOB NOW: Build – Approved Permits,Foundation,25 DRIVE,Queens,N/A,https://data.cityofnewyork.us/resource/rbx6-tga4.json
2026-09-17,DOB NOW: Build – Approved Permits,General Construction,GATES AVENUE,Brooklyn,NEW YORK CITY HOUSING AUTHORITY,https://data.cityofnewyork.us/resource/rbx6-tga4.json
2026-09-17,DOB NOW: Build – Approved Permits,General Construction,AVENUE OF THE AMERICAS,Manhattan,SL GREEN REALTY CORP,https://data.cityofnewyork.us/resource/rbx6-tga4.json
2026-09-17,DOB NOW: Build – Approved Permits,Structural,UNION STREET,Brooklyn,377 UNION STREET LLC,https://data.cityofnewyork.us/resource/rbx6-tga4.json
2026-09-17,DOB NOW: Build – Approved Permits,General Construction,EAST   32 STREET,Manhattan,LANDMARK RESOURCES,https://data.cityofnewyork.us/resource/rbx6-tga4.json
2026-09-17,DOB NOW: Build – Approved Permits,General Construction,GOUVERNEUR LANE,Manhattan,Not Applicable,https://data.cityofnewyork.us/resource/rbx6-tga4.json
2026-09-17,DOB NOW: Build – Approved Permits,General Construction,COURT STREET,Brooklyn,SUNNY BAY LLC,https://data.cityofnewyork.us/resource/rbx6-tga4.json
2026-09-17,DOB NOW: Build – Approved Permits,Foundation,UNION STREET,Brooklyn,Glowstone Group,https://data.cityofnewyork.us/resource/rbx6-tga4.json
2026-09-17,DOB NOW: Build – Approved Permits,General Construction,WEST   75 STREET,Manhattan,Amy Sanidas,https://data.cityofnewyork.us/resource/rbx6-tga4.json
2026-09-17,DOB NOW: Build – Approved Permits,General Construction,MALCOLM X BOULEVARD,Brooklyn,NEW YORK CITY HOUSING AUTHORITY,https://data.cityofnewyork.us/resource/rbx6-tga4.json
2026-09-17,DOB NOW: Build – Approved Permits,General Construction,BROADWAY,Manhattan,AQOZFI INWOOD LLC,https://data.cityofnewyork.us/resource/rbx6-tga4.json
2026-09-17,DOB NOW: Build – Approved Permits,General Construction,PARK AVENUE,Manhattan,BOP WEST 31ST STREET LLC,https://data.cityofnewyork.us/resource/rbx6-tga4.json
2026-09-17,DOB NOW: Build – Approved Permits,General Construction,206 STREET,Queens,PR,https://data.cityofnewyork.us/resource/rbx6-tga4.json
2026-09-17,DOB NOW: Build – Approved Permits,General Construction,35 STREET,Queens,Not Applicable,https://data.cityofnewyork.us/resource/rbx6-tga4.json
2026-09-17,DOB NOW: Build – Approved Permits,General Construction,CENTRAL PARK WEST,Manhattan,CENTURY CONDOMINUIM,https://data.cityofnewyork.us/resource/rbx6-tga4.json
2026-09-17,DOB NOW: Build – Approved Permits,General Construction,ROCKEFELLER PLAZA,Manhattan,Not Applicable,https://data.cityofnewyork.us/resource/rbx6-tga4.json
2026-09-17,DOB NOW: Build – Approved Permits,General Construction,WEST  139 STREET,Manhattan,Not Applicable,https://data.cityofnewyork.us/resource/rbx6-tga4.json
2026-09-17,DOB NOW: Build – Approved Permits,Structural,PERRY AVENUE,Bronx,VL Construction Group Inc,https://data.cityofnewyork.us/resource/rbx6-tga4.json
2026-09-17,DOB NOW: Build – Approved Permits,General Construction,5 AVENUE,Manhattan,PR,https://data.cityofnewyork.us/resource/rbx6-tga4.json
2026-09-17,DOB NOW: Build – Approved Permits,General Construction,25 DRIVE,Queens,N/A,https://data.cityofnewyork.us/resource/rbx6-tga4.json
2026-09-17,DOB NOW: Build – Approved Permits,Structural,MONITOR STREET,Brooklyn,NYC SCHOOL CONSTRUCTION AUTHORITY,https://data.cityofnewyork.us/resource/rbx6-tga4.json
2026-09-17,DOB NOW: Build – Approved Permits,General Construction,BEDFORD AVENUE,Brooklyn,1113 SB LLC,https://data.cityofnewyork.us/resource/rbx6-tga4.json
2026-09-17,DOB NOW: Build – Approved Permits,Structural,COURT STREET,Brooklyn,SUNNY BAY LLC,https://data.cityofnewyork.us/resource/rbx6-tga4.json
2026-09-17,DOB NOW: Build – Approved Permits,General Construction,TOMPKINS AVENUE,Staten Island,PR,https://data.cityofnewyork.us/resource/rbx6-tga4.json
2026-09-17,DOB NOW: Build – Approved Permits,Foundation,WEST   14 STREET,Manhattan,"People's Forum, Inc.",https://data.cityofnewyork.us/resource/rbx6-tga4.json
2026-09-17,DOB NOW: Build – Approved Permits,General Construction,LORIMER STREET,Brooklyn,DEM Realty LLC,https://data.cityofnewyork.us/resource/rbx6-tga4.json
2026-09-17,DOB NOW: Build – Approved Permits,General Construction,CATALPA AVENUE,Queens,60-64 Catalpa LLC,https://data.cityofnewyork.us/resource/rbx6-tga4.json
2026-09-17,DOB NOW: Build – Approved Permits,General Construction,EASTERN PARKWAY,Brooklyn,ATKO Construction Corp,https://data.cityofnewyork.us/resource/rbx6-tga4.json
2026-09-17,DOB NOW: Build – Approved Permits,General Construction,96 STREET,Brooklyn,wojda,https://data.cityofnewyork.us/resource/rbx6-tga4.json
2026-09-17,DOB NOW: Build – Approved Permits,General Construction,WEST   20 STREET,Manhattan,PR,https://data.cityofnewyork.us/resource/rbx6-tga4.json
2026-09-17,DOB NOW: Build – Approved Permits,General Construction,75 STREET,Queens,PR,https://data.cityofnewyork.us/resource/rbx6-tga4.json
2026-09-17,DOB NOW: Build – Approved Permits,General Construction,VOORHIES AVENUE,Brooklyn,MORDECHEI EISSENBERG,https://data.cityofnewyork.us/resource/rbx6-tga4.json
2026-09-17,DOB NOW: Build – Approved Permits,General Construction,UNION STREET,Brooklyn,PR,https://data.cityofnewyork.us/resource/rbx6-tga4.json
2026-09-17,DOB NOW: Build – Approved Permits,Foundation,TRYON PLACE,Queens,PR,https://data.cityofnewyork.us/resource/rbx6-tga4.json
2026-09-17,DOB NOW: Build – Approved Permits,General Construction,EAST   17 STREET,Brooklyn,NYC SCHOOL CONSTRUCTION AUTHORITY,https://data.cityofnewyork.us/resource/rbx6-tga4.json
2026-09-17,DOB NOW: Build – Approved Permits,Structural,LINCOLN ROAD,Brooklyn,Not Applicable,https://data.cityofnewyork.us/resource/rbx6-tga4.json
2026-09-17,DOB NOW: Build – Approved Permits,Foundation,167 STREET,Queens,NY DYNAMIC CONSTRUCTION,https://data.cityofnewyork.us/resource/rbx6-tga4.json
2026-09-17,DOB NOW: Build – Approved Permits,General Construction,WEST   53 STREET,Manhattan,PR,https://data.cityofnewyork.us/resource/rbx6-tga4.json
2026-09-17,DOB NOW: Build – Approved Permits,Structural,JEFFERSON AVENUE,Brooklyn,PR,https://data.cityofnewyork.us/resource/rbx6-tga4.json
2026-09-17,DOB NOW: Build – Approved Permits,Structural,ELM AVENUE,Queens,N/A,https://data.cityofnewyork.us/resource/rbx6-tga4.json
2026-09-17,DOB NOW: Build – Approved Permits,General Construction,KINGS HIGHWAY,Brooklyn,2913 AVENUE W LLC,https://data.cityofnewyork.us/resource/rbx6-tga4.json
2026-09-17,DOB NOW: Build – Approved Permits,General Construction,PERRY AVENUE,Bronx,VL Construction Group Inc,https://data.cityofnewyork.us/resource/rbx6-tga4.json
2026-09-17,DOB NOW: Build – Approved Permits,Structural,EAST   66 STREET,Manhattan,Not Applicable,https://data.cityofnewyork.us/resource/rbx6-tga4.json
2026-09-17,DOB NOW: Build – Approved Permits,Structural,VICTORY BOULEVARD,Staten Island,GI ENDURANT LLC,https://data.cityofnewyork.us/resource/rbx6-tga4.json
2026-09-17,DOB NOW: Build – Approved Permits,Structural,BEDFORD PARK BOULEVARD,Bronx,BADALY ARCHITECTS,https://data.cityofnewyork.us/resource/rbx6-tga4.json
2026-09-17,DOB NOW: Build – Approved Permits,General Construction,EAST   14 STREET,Manhattan,BPP ST OWNER LLC,https://data.cityofnewyork.us/resource/rbx6-tga4.json
2026-09-17,DOB NOW: Build – Approved Permits,General Construction,VAN BUREN STREET,Staten Island,BORREGO,https://data.cityofnewyork.us/resource/rbx6-tga4.json
2026-09-17,DOB NOW: Build – Approved Permits,General Construction,VIRGINIA AVENUE,Staten Island,NYC SCHOOL CONSTRUCTION AUTHORITY,https://data.cityofnewyork.us/resource/rbx6-tga4.json
2026-09-17,DOB NOW: Build – Approved Permits,General Construction,AVENUE D,Brooklyn,ATOMIC CONTRACTING INC.,https://data.cityofnewyork.us/resource/rbx6-tga4.json
2026-09-17,DOB NOW: Build – Approved Permits,Foundation,VAN BUREN STREET,Staten Island,BORREGO,https://data.cityofnewyork.us/resource/rbx6-tga4.json
2026-09-17,DOB NOW: Build – Approved Permits,Construction Fence,DE LAVALL AVENUE,Bronx,PALISADES DEALER FUN,https://data.cityofnewyork.us/resource/rbx6-tga4.json
2026-09-17,DOB NOW: Build – Approved Permits,General Construction,CHURCH AVENUE,Brooklyn,Legacy Lifestyle Cannabis,https://data.cityofnewyork.us/resource/rbx6-tga4.json
2026-09-17,DOB NOW: Build – Approved Permits,General Construction,FULTON STREET,Brooklyn,PR,https://data.cityofnewyork.us/resource/rbx6-tga4.json
2026-09-17,DOB NOW: Build – Approved Permits,General Construction,BEACH  120 STREET,Queens,LUCIEN PRODUCTIONS,https://data.cityofnewyork.us/resource/rbx6-tga4.json
2026-09-17,DOB NOW: Build – Approved Permits,General Construction,WEST   17 STREET,Manhattan,228 W 17TH ST HDFC,https://data.cityofnewyork.us/resource/rbx6-tga4.json
2026-09-17,DOB NOW: Build – Approved Permits,General Construction,MAIDEN LANE,Manhattan,HAPPIER,https://data.cityofnewyork.us/resource/rbx6-tga4.json
2026-09-17,DOB NOW: Build – Approved Permits,General Construction,WEST   46 STREET,Manhattan,PMACS HOSPITALITY,https://data.cityofnewyork.us/resource/rbx6-tga4.json
2026-09-17,DOB NOW: Build – Approved Permits,General Construction,WEST TREMONT AVENUE,Bronx,PR,https://data.cityofnewyork.us/resource/rbx6-tga4.json
2026-09-17,DOB NOW: Build – Approved Permits,General Construction,GREENWICH STREET,Manhattan,ANASTASIOS MAGOULAS,https://data.cityofnewyork.us/resource/rbx6-tga4.json
2026-09-17,DOB NOW: Build – Approved Permits,Structural,CHRISTOPHER AVENUE,Brooklyn,PR,https://data.cityofnewyork.us/resource/rbx6-tga4.json
2026-09-17,DOB NOW: Build – Approved Permits,Structural,THORNHILL AVENUE,Queens,PR,https://data.cityofnewyork.us/resource/rbx6-tga4.json
2026-09-17,DOB NOW: Build – Approved Permits,General Construction,JAMAICA AVENUE,Queens,Gugnu Virk,https://data.cityofnewyork.us/resource/rbx6-tga4.json
2026-09-17,DOB NOW: Build – Approved Permits,General Construction,111 AVENUE,Queens,SOS Emergency Home Services,https://data.cityofnewyork.us/resource/rbx6-tga4.json
2026-09-17,DOB NOW: Build – Approved Permits,General Construction,DEKALB AVENUE,Brooklyn,Million Goods ii LLC,https://data.cityofnewyork.us/resource/rbx6-tga4.json
2026-09-17,DOB NOW: Build – Approved Permits,General Construction,ST JAMES PLACE,Staten Island,PR,https://data.cityofnewyork.us/resource/rbx6-tga4.json
2026-09-17,DOB NOW: Build – Approved Permits,General Construction,CLYMER STREET,Brooklyn,PR,https://data.cityofnewyork.us/resource/rbx6-tga4.json
2026-09-17,DOB NOW: Build – Approved Permits,Structural,169 STREET,Queens,Not Applicable,https://data.cityofnewyork.us/resource/rbx6-tga4.json
2026-09-17,DOB NOW: Build – Approved Permits,Structural,ST JAMES PLACE,Staten Island,PR,https://data.cityofnewyork.us/resource/rbx6-tga4.json
2026-09-17,DOB NOW: Build – Approved Permits,Foundation,ANDES ROAD,Manhattan,THE TRUST FOR GOVERNORS ISLAND,https://data.cityofnewyork.us/resource/rbx6-tga4.json
2026-09-17,DOB NOW: Build – Approved Permits,General Construction,WEST   92 STREET,Manhattan,950 SECOND AVE LLC,https://data.cityofnewyork.us/resource/rbx6-tga4.json
2026-09-17,DOB NOW: Build – Approved Permits,General Construction,HARPER STREET,Queens,NYC DEPARTMENT OF TRANSPORTATION,https://data.cityofnewyork.us/resource/rbx6-tga4.json
2026-09-17,DOB NOW: Build – Approved Permits,General Construction,METROPOLITAN AVENUE,Bronx,OLSHAN PROPERTIES,https://data.cityofnewyork.us/resource/rbx6-tga4.json
2026-09-17,DOB NOW: Build – Approved Permits,Structural,WHITE STREET,Manhattan,off white corp,https://data.cityofnewyork.us/resource/rbx6-tga4.json
2026-09-17,DOB NOW: Build – Approved Permits,Foundation,TROY AVENUE,Brooklyn,Grun Group LLC,https://data.cityofnewyork.us/resource/rbx6-tga4.json
2026-09-17,DOB NOW: Build – Approved Permits,Foundation,DEGRAW STREET,Brooklyn,Not Applicable,https://data.cityofnewyork.us/resource/rbx6-tga4.json
2026-09-17,DOB NOW: Build – Approved Permits,General Construction,6 AVENUE,Brooklyn,Sollevare Group,https://data.cityofnewyork.us/resource/rbx6-tga4.json
2026-09-17,DOB NOW: Build – Approved Permits,Structural,25 DRIVE,Queens,N/A,https://data.cityofnewyork.us/resource/rbx6-tga4.json
2026-09-17,DOB NOW: Build – Approved Permits,General Construction,WEST   31 STREET,Manhattan,VBGO PENN PLAZA LLC,https://data.cityofnewyork.us/resource/rbx6-tga4.json
2026-09-17,DOB NOW: Build – Approved Permits,General Construction,EAST   73 STREET,Brooklyn,CITISCAPE CONSULTING LTD,https://data.cityofnewyork.us/resource/rbx6-tga4.json
2026-09-17,DOB NOW: Build – Approved Permits,General Construction,QUINCY STREET,Brooklyn,DR 18 CAPITAL LLC,https://data.cityofnewyork.us/resource/rbx6-tga4.json
2026-09-17,DOB NOW: Build – Approved Permits,General Construction,WEST   11 STREET,Manhattan,"30 West 11th Street, LLC",https://data.cityofnewyork.us/resource/rbx6-tga4.json
2026-09-17,DOB NOW: Build – Approved Permits,General Construction,LINCOLN ROAD,Brooklyn,Not Applicable,https://data.cityofnewyork.us/resource/rbx6-tga4.json
2026-09-17,DOB NOW: Build – Approved Permits,Structural,WEST   92 STREET,Manhattan,11 WEST 95TH STREET CORPORATION,https://data.cityofnewyork.us/resource/rbx6-tga4.json
2026-09-17,DOB NOW: Build – Approved Permits,Structural,PARK PLACE,Brooklyn,NEW YORK CITY HOUSING AUTHORITY,https://data.cityofnewyork.us/resource/rbx6-tga4.json
2026-09-17,DOB NOW: Build – Approved Permits,Foundation,COMMONWEALTH BOULEVARD,Queens,DCAS,https://data.cityofnewyork.us/resource/rbx6-tga4.json
2026-09-17,DOB NOW: Build – Approved Permits,Structural,HAWTHORNE STREET,Brooklyn,151HAWTHORNESTREETLLC,https://data.cityofnewyork.us/resource/rbx6-tga4.json
2026-09-17,DOB NOW: Build – Approved Permits,General Construction,1 AVENUE,Brooklyn,CR&R LLC,https://data.cityofnewyork.us/resource/rbx6-tga4.json
2026-09-17,DOB NOW: Build – Approved Permits,General Construction,EAST   67 STREET,Manhattan,NYCSCA,https://data.cityofnewyork.us/resource/rbx6-tga4.json
2026-09-17,DOB NOW: Build – Approved Permits,General Construction,257 STREET,Queens,Not Applicable,https://data.cityofnewyork.us/resource/rbx6-tga4.json
2026-09-17,DOB NOW: Build – Approved Permits,General Construction,HUDSON STREET,Manhattan,"250 HUDSON STREET, LLC",https://data.cityofnewyork.us/resource/rbx6-tga4.json
2026-09-17,DOB NOW: Build – Approved Permits,General Construction,15 STREET,Brooklyn,PEAK,https://data.cityofnewyork.us/resource/rbx6-tga4.json
2026-09-17,DOB NOW: Build – Approved Permits,Support of Excavation,SACKETT STREET,Brooklyn,AVDOO & PARTNERS DEVELOPMENT,https://data.cityofnewyork.us/resource/rbx6-tga4.json
2026-09-17,DOB NOW: Build – Approved Permits,Construction Fence,14 AVENUE,Brooklyn,NEW YORK MAJOR,https://data.cityofnewyork.us/resource/rbx6-tga4.json
2026-09-17,DOB NOW: Build – Approved Permits,General Construction,21 STREET,Brooklyn,NYCO ELECTRIC CORP,https://data.cityofnewyork.us/resource/rbx6-tga4.json
2026-09-17,DOB NOW: Build – Approved Permits,General Construction,BUHRE AVENUE,Bronx,M & N MANAGEMENT CORP.,https://data.cityofnewyork.us/resource/rbx6-tga4.json
2026-09-17,DOB NOW: Build – Approved Permits,General Construction,EAST  104 STREET,Manhattan,PR,https://data.cityofnewyork.us/resource/rbx6-tga4.json
2026-09-17,DOB NOW: Build – Approved Permits,General Construction,EAST   66 STREET,Manhattan,STONEHENGE MANAGEMENT LLC,https://data.cityofnewyork.us/resource/rbx6-tga4.json
2026-09-17,DOB NOW: Build – Approved Permits,General Construction,RIVERSIDE DRIVE,Manhattan,PR,https://data.cityofnewyork.us/resource/rbx6-tga4.json
2026-09-17,DOB NOW: Build – Approved Permits,Structural,WEST  180 STREET,Bronx,DASNY,https://data.cityofnewyork.us/resource/rbx6-tga4.json
2026-09-17,DOB NOW: Build – Approved Permits,General Construction,PITKIN AVENUE,Queens,"JONAS EQUITIES, INC.",https://data.cityofnewyork.us/resource/rbx6-tga4.json
2026-09-17,DOB NOW: Build – Approved Permits,Foundation,BEDFORD PARK BOULEVARD,Bronx,BADALY ARCHITECTS,https://data.cityofnewyork.us/resource/rbx6-tga4.json
2026-09-17,DOB NOW: Build – Approved Permits,Full Demolition,NORTHERN BOULEVARD,Queens,NYC DEPARTMENT OF DESIGN + CONSTRUC,https://data.cityofnewyork.us/resource/rbx6-tga4.json
2026-09-17,DOB NOW: Build – Approved Permits,Structural,SIXTH AVENUE,Manhattan,FRIEDLAND PROPERTIES,https://data.cityofnewyork.us/resource/rbx6-tga4.json
2026-09-17,DOB NOW: Build – Approved Permits,Foundation,BARBEY STREET,BROOKLYN,BUSHBURG BUILDERS LLC,https://data.cityofnewyork.us/resource/rbx6-tga4.json
2026-09-17,DOB NOW: Build – Approved Permits,General Construction,MOTT AVENUE,Queens,Not Applicable,https://data.cityofnewyork.us/resource/rbx6-tga4.json
2026-09-17,DOB NOW: Build – Approved Permits,General Construction,KANE STREET,Brooklyn,Not Applicable,https://data.cityofnewyork.us/resource/rbx6-tga4.json
2026-09-17,DOB NOW: Build – Approved Permits,Structural,ANNADALE ROAD,Staten Island,FASBUILDINGCORP.,https://data.cityofnewyork.us/resource/rbx6-tga4.json
2026-09-17,DOB NOW: Build – Approved Permits,General Construction,COLLEGE AVENUE,Bronx,EASTSHORE MANAGEMENT LLC,https://data.cityofnewyork.us/resource/rbx6-tga4.json
2026-09-17,DOB NOW: Build – Approved Permits,Foundation,HOMECREST AVENUE,Brooklyn,CITISCAPE CONSULTING LTD,https://data.cityofnewyork.us/resource/rbx6-tga4.json
2026-09-17,DOB NOW: Build – Approved Permits,General Construction,FOOTHILL AVENUE,Queens,Christopher Alker,https://data.cityofnewyork.us/resource/rbx6-tga4.json
2026-09-17,DOB NOW: Build – Approved Permits,General Construction,WEST BROADWAY,Manhattan,419-421 WEST BROADWAY REALTY CORP/A,https://data.cityofnewyork.us/resource/rbx6-tga4.json
2026-09-17,DOB NOW: Build – Approved Permits,Structural,KEARNEY AVENUE,Bronx,Not Applicable,https://data.cityofnewyork.us/resource/rbx6-tga4.json
2026-09-17,DOB NOW: Build – Approved Permits,Structural,46 STREET,Queens,GI ENDURANT LLC,https://data.cityofnewyork.us/resource/rbx6-tga4.json
2026-09-17,DOB NOW: Build – Approved Permits,General Construction,167 STREET,Queens,NY DYNAMIC CONSTRUCTION,https://data.cityofnewyork.us/resource/rbx6-tga4.json
2026-09-17,DOB NOW: Build – Approved Permits,General Construction,BEDFORD PARK BOULEVARD,Bronx,BADALY ARCHITECTS,https://data.cityofnewyork.us/resource/rbx6-tga4.json
2026-09-17,DOB NOW: Build – Approved Permits,Earth Work,MAPES AVENUE,Bronx,PR,https://data.cityofnewyork.us/resource/rbx6-tga4.json
2026-09-17,DOB NOW: Build – Approved Permits,Structural,BROADWAY,Manhattan,"KAUFMAN MANAGEMENT COMPANY, LLC",https://data.cityofnewyork.us/resource/rbx6-tga4.json
2026-09-17,DOB NOW: Build – Approved Permits,General Construction,ST NICHOLAS PLACE,Manhattan,PR,https://data.cityofnewyork.us/resource/rbx6-tga4.json
2026-09-17,DOB NOW: Build – Approved Permits,Structural,BARBEY STREET,BROOKLYN,BUSHBURG BUILDERS LLC,https://data.cityofnewyork.us/resource/rbx6-tga4.json
2026-09-17,DOB NOW: Build – Approved Permits,General Construction,BARBEY STREET,BROOKLYN,BUSHBURG BUILDERS LLC,https://data.cityofnewyork.us/resource/rbx6-tga4.json
2026-09-17,DOB NOW: Build – Approved Permits,Full Demolition,46 AVENUE,Queens,OWNERS REP,https://data.cityofnewyork.us/resource/rbx6-tga4.json
2026-09-17,DOB NOW: Build – Approved Permits,General Construction,COLUMBUS AVENUE,Manhattan,OLSHAN PROPERTIES,https://data.cityofnewyork.us/resource/rbx6-tga4.json
2026-09-17,DOB NOW: Build – Approved Permits,General Construction,7 AVENUE,Manhattan,DANIEL CHEN,https://data.cityofnewyork.us/resource/rbx6-tga4.json
2026-09-17,DOB NOW: Build – Approved Permits,General Construction,ROCKWELL PLACE,Brooklyn,19 ROCKWELL PLACE LLC,https://data.cityofnewyork.us/resource/rbx6-tga4.json
2026-09-17,DOB NOW: Build – Approved Permits,Structural,WEST   90 STREET,Manhattan,JAMIN HEGEMAN,https://data.cityofnewyork.us/resource/rbx6-tga4.json
2026-09-17,DOB NOW: Build – Approved Permits,Structural,CLOVER HILL ROAD,Queens,Not Applicable,https://data.cityofnewyork.us/resource/rbx6-tga4.json
2026-09-17,DOB NOW: Build – Approved Permits,Construction Fence,MORNINGSTAR ROAD,Staten Island,"BOLLA EM REALTY, LLC",https://data.cityofnewyork.us/resource/rbx6-tga4.json
2026-09-17,DOB NOW: Build – Approved Permits,General Construction,MONITOR STREET,Brooklyn,NYC SCHOOL CONSTRUCTION AUTHORITY,https://data.cityofnewyork.us/resource/rbx6-tga4.json
2026-09-17,DOB NOW: Build – Approved Permits,General Construction,EAST NEW YORK AVENUE,Brooklyn,NYCHA,https://data.cityofnewyork.us/resource/rbx6-tga4.json
2026-09-17,DOB NOW: Build – Approved Permits,General Construction,RICHMOND AVENUE,Staten Island,PR,https://data.cityofnewyork.us/resource/rbx6-tga4.json
2026-09-17,DOB NOW: Build – Approved Permits,Structural,ANDES ROAD,Manhattan,THE TRUST FOR GOVERNORS ISLAND,https://data.cityofnewyork.us/resource/rbx6-tga4.json
2026-09-17,DOB NOW: Build – Approved Permits,Structural,164 STREET,Queens,PR,https://data.cityofnewyork.us/resource/rbx6-tga4.json
2026-09-17,DOB NOW: Build – Approved Permits,General Construction,GUY R BREWER BOULEVARD,QUEENS,Parentschoice Daycare LLC 2,https://data.cityofnewyork.us/resource/rbx6-tga4.json
2026-09-17,DOB NOW: Build – Approved Permits,General Construction,MACDOUGAL STREET,Manhattan,Peta Hartmann,https://data.cityofnewyork.us/resource/rbx6-tga4.json
2026-09-17,DOB NOW: Build – Approved Permits,General Construction,CLOVER HILL ROAD,Queens,Not Applicable,https://data.cityofnewyork.us/resource/rbx6-tga4.json
2026-09-17,DOB NOW: Build – Approved Permits,General Construction,MANHATTAN COLLEGE PARKWAY,Bronx,AIDA LLC,https://data.cityofnewyork.us/resource/rbx6-tga4.json
2026-09-17,DOB NOW: Build – Approved Permits,Foundation,89 STREET,Queens,Not Applicable,https://data.cityofnewyork.us/resource/rbx6-tga4.json
2026-09-17,DOB NOW: Build – Approved Permits,Structural,INDIA STREET,Brooklyn,PR,https://data.cityofnewyork.us/resource/rbx6-tga4.json
2026-09-17,DOB NOW: Build – Approved Permits,General Construction,EAST   22 STREET,Manhattan,PR,https://data.cityofnewyork.us/resource/rbx6-tga4.json
2026-09-17,DOB NOW: Build – Approved Permits,Structural,THROOP AVENUE,Brooklyn,Not Applicable,https://data.cityofnewyork.us/resource/rbx6-tga4.json
2026-09-17,DOB NOW: Build – Approved Permits,General Construction,WEST   23 STREET,Manhattan,Manhattan Jewish student center inc,https://data.cityofnewyork.us/resource/rbx6-tga4.json
2026-09-17,DOB NOW: Build – Approved Permits,General Construction,48 STREET,Queens,Carne Services Inc,https://data.cityofnewyork.us/resource/rbx6-tga4.json
2026-09-17,DOB NOW: Build – Approved Permits,General Construction,NAVY STREET,Brooklyn,BROOKLYN URBAN RETAIL PARTNERS,https://data.cityofnewyork.us/resource/rbx6-tga4.json
2026-09-17,DOB NOW: Build – Approved Permits,General Construction,WEST   42 STREET,Manhattan,Yellowstone Real Estate,https://data.cityofnewyork.us/resource/rbx6-tga4.json
2026-09-17,DOB NOW: Build – Approved Permits,General Construction,PIERREPONT STREET,Brooklyn,JOHN B. LOVETT & ASSOC.,https://data.cityofnewyork.us/resource/rbx6-tga4.json
2026-09-17,DOB NOW: Build – Approved Permits,Structural,26 AVENUE,Queens,Circa Domini International,https://data.cityofnewyork.us/resource/rbx6-tga4.json
2026-09-17,DOB NOW: Build – Approved Permits,General Construction,NORTHERN BOULEVARD,Queens,TEDDY NISSAN LLC,https://data.cityofnewyork.us/resource/rbx6-tga4.json
2026-09-17,DOB NOW: Build – Approved Permits,General Construction,26 AVENUE,Queens,Circa Domini International,https://data.cityofnewyork.us/resource/rbx6-tga4.json
2026-09-17,DOB NOW: Build – Approved Permits,General Construction,VERNON BOULEVARD,Queens,ORTIZ,https://data.cityofnewyork.us/resource/rbx6-tga4.json
2026-09-17,DOB NOW: Build – Approved Permits,General Construction,ANDES ROAD,Manhattan,THE TRUST FOR GOVERNORS ISLAND,https://data.cityofnewyork.us/resource/rbx6-tga4.json
2026-09-17,DOB NOW: Build – Approved Permits,Structural,PITKIN AVENUE,Brooklyn,MARCO REALTY ASSOCIATES,https://data.cityofnewyork.us/resource/rbx6-tga4.json
2026-09-17,DOB NOW: Build – Approved Permits,General Construction,KEW GARDENS ROAD,Queens,FBL DEVELOPMENT,https://data.cityofnewyork.us/resource/rbx6-tga4.json
2026-09-17,DOB NOW: Build – Approved Permits,General Construction,88 STREET,Queens,Not Applicable,https://data.cityofnewyork.us/resource/rbx6-tga4.json
2026-09-17,DOB NOW: Build – Approved Permits,Foundation,ELM AVENUE,Queens,N/A,https://data.cityofnewyork.us/resource/rbx6-tga4.json
2026-09-17,DOB NOW: Build – Approved Permits,General Construction,MYRTLE AVENUE,Queens,THE LEOPOLD GROUP,https://data.cityofnewyork.us/resource/rbx6-tga4.json
2026-09-17,DOB NOW: Build – Approved Permits,General Construction,210 STREET,Queens,PR,https://data.cityofnewyork.us/resource/rbx6-tga4.json
2026-09-17,DOB NOW: Build – Approved Permits,General Construction,DEGRAW STREET,Brooklyn,Not Applicable,https://data.cityofnewyork.us/resource/rbx6-tga4.json
2026-09-17,DOB NOW: Build – Approved Permits,General Construction,4 PLACE,Brooklyn,CASUR MANAGEMENT AND MAINTENCE INC,https://data.cityofnewyork.us/resource/rbx6-tga4.json
2026-09-17,DOB NOW: Build – Approved Permits,Foundation,EAST 77 STREET,Manhattan,TERRA DEVELOPERS LLC,https://data.cityofnewyork.us/resource/rbx6-tga4.json
2026-09-17,DOB NOW: Build – Approved Permits,General Construction,46 STREET,Brooklyn,PR,https://data.cityofnewyork.us/resource/rbx6-tga4.json
2026-09-17,DOB NOW: Build – Approved Permits,Structural,IRVING AVENUE,Brooklyn,NYC SCHOOL CONSTRUCTION AUTHORITY,https://data.cityofnewyork.us/resource/rbx6-tga4.json
2026-09-17,DOB NOW: Build – Approved Permits,Structural,GRAND CONCOURSE,Bronx,M & N MANAGEMENT CORP.,https://data.cityofnewyork.us/resource/rbx6-tga4.json
2026-09-17,DOB NOW: Build – Approved Permits,General Construction,WEST   43 STREET,Manhattan,PR,https://data.cityofnewyork.us/resource/rbx6-tga4.json
2026-09-17,DOB NOW: Build – Approved Permits,General Construction,THIRD AVENUE,Manhattan,East Harlem Council for Human Servi,https://data.cityofnewyork.us/resource/rbx6-tga4.json
2026-09-17,DOB NOW: Build – Approved Permits,Foundation,PERRY AVENUE,Bronx,VL Construction Group Inc,https://data.cityofnewyork.us/resource/rbx6-tga4.json
2026-09-17,DOB NOW: Build – Approved Permits,General Construction,BAY   20 STREET,Brooklyn,PR,https://data.cityofnewyork.us/resource/rbx6-tga4.json
2026-09-17,DOB NOW: Build – Approved Permits,Structural,WEST  130 STREET,Manhattan,Urban Resource Institute,https://data.cityofnewyork.us/resource/rbx6-tga4.json
2026-09-17,DOB NOW: Build – Approved Permits,General Construction,EAST   23 STREET,Brooklyn,PR,https://data.cityofnewyork.us/resource/rbx6-tga4.json
2026-09-17,DOB NOW: Build – Approved Permits,Structural,GRYMES HILL ROAD,Staten Island,PR,https://data.cityofnewyork.us/resource/rbx6-tga4.json
2026-09-17,DOB NOW: Build – Approved Permits,Structural,211 STREET,Queens,Not Applicable,https://data.cityofnewyork.us/resource/rbx6-tga4.json
2026-09-17,DOB NOW: Build – Approved Permits,General Construction,BRIGHTON   14 STREET,Brooklyn,n/a,https://data.cityofnewyork.us/resource/rbx6-tga4.json
2026-09-17,DOB NOW: Build – Approved Permits,General Construction,SHARON STREET,Brooklyn,Not Applicable,https://data.cityofnewyork.us/resource/rbx6-tga4.json
2026-09-17,DOB NOW: Build – Approved Permits,Foundation,VICTORY BOULEVARD,Staten Island,GI ENDURANT LLC,https://data.cityofnewyork.us/resource/rbx6-tga4.json
2026-09-17,DOB NOW: Build – Approved Permits,Structural,111 AVENUE,Queens,SOS Emergency Home Services,https://data.cityofnewyork.us/resource/rbx6-tga4.json
2026-09-17,DOB NOW: Build – Approved Permits,General Construction,MORTON STREET,Manhattan,JOSE AMARILLO,https://data.cityofnewyork.us/resource/rbx6-tga4.json
2026-09-17,DOB NOW: Build – Approved Permits,General Construction,69 AVENUE,Queens,PR,https://data.cityofnewyork.us/resource/rbx6-tga4.json
2026-09-17,DOB NOW: Build – Approved Permits,General Construction,KIMBERLY PLACE,Bronx,M & N MANAGEMENT CORP.,https://data.cityofnewyork.us/resource/rbx6-tga4.json
2026-09-17,DOB NOW: Build – Approved Permits,General Construction,EAST   46 STREET,Manhattan,"AKAM ASSOCIATES, INC.",https://data.cityofnewyork.us/resource/rbx6-tga4.json
2026-09-17,DOB NOW: Build – Approved Permits,Structural,247 STREET,Queens,ALL OVER CONSTRUCTION CORP,https://data.cityofnewyork.us/resource/rbx6-tga4.json
2026-09-17,DOB NOW: Build – Approved Permits,General Construction,EAST    6 STREET,Brooklyn,N/A,https://data.cityofnewyork.us/resource/rbx6-tga4.json
2026-09-17,DOB NOW: Build – Approved Permits,Foundation,247 STREET,Queens,ALL OVER CONSTRUCTION CORP,https://data.cityofnewyork.us/resource/rbx6-tga4.json
2026-09-17,DOB NOW: Build – Approved Permits,General Construction,BAY STREET,Brooklyn,JLL,https://data.cityofnewyork.us/resource/rbx6-tga4.json
2026-09-17,DOB NOW: Build – Approved Permits,Support of Excavation,BEACH  114 STREET,Queens,PR,https://data.cityofnewyork.us/resource/rbx6-tga4.json
2026-09-17,DOB NOW: Build – Approved Permits,General Construction,VICTORY BOULEVARD,Staten Island,Arthur Kill Power LLC,https://data.cityofnewyork.us/resource/rbx6-tga4.json
2026-09-17,DOB NOW: Build – Approved Permits,General Construction,TIEBOUT AVENUE,Bronx,DKCK,https://data.cityofnewyork.us/resource/rbx6-tga4.json
2026-09-17,DOB NOW: Build – Approved Permits,General Construction,AVENUE U,Brooklyn,STERLING REAL ESTATE,https://data.cityofnewyork.us/resource/rbx6-tga4.json
2026-09-17,DOB NOW: Build – Approved Permits,General Construction,BEACH  114 STREET,Queens,PR,https://data.cityofnewyork.us/resource/rbx6-tga4.json
2026-09-17,DOB NOW: Build – Approved Permits,General Construction,30 AVENUE,Queens,"STORE FINDERS, INC.",https://data.cityofnewyork.us/resource/rbx6-tga4.json
2026-09-17,DOB NOW: Build – Approved Permits,General Construction,SEDGWICK AVENUE,BRONX,PR,https://data.cityofnewyork.us/resource/rbx6-tga4.json
2026-09-17,DOB NOW: Build – Approved Permits,General Construction,EAST    5 STREET,Brooklyn,PR,https://data.cityofnewyork.us/resource/rbx6-tga4.json
2026-09-17,DOB NOW: Build – Approved Permits,Foundation,ANDROVETTE STREET,Staten Island,PR,https://data.cityofnewyork.us/resource/rbx6-tga4.json
2026-09-17,DOB NOW: Build – Approved Permits,General Construction,BROOKLYN AVENUE,Brooklyn,CITISCAPE CONSULTING LTD,https://data.cityofnewyork.us/resource/rbx6-tga4.json
2026-09-17,DOB NOW: Build – Approved Permits,Structural,EAST   49 STREET,Manhattan,KATO KAGAKU CO LTC,https://data.cityofnewyork.us/resource/rbx6-tga4.json
2026-09-17,DOB NOW: Build – Approved Permits,General Construction,LIBERTY STREET,Manhattan,PR,https://data.cityofnewyork.us/resource/rbx6-tga4.json
2026-09-17,DOB NOW: Build – Approved Permits,Structural,53 AVENUE,Queens,GI ENDURANT LLC,https://data.cityofnewyork.us/resource/rbx6-tga4.json
2026-09-17,DOB NOW: Build – Approved Permits,Structural,AVENUE OF THE AMERICAS,Manhattan,SL GREEN REALTY CORP,https://data.cityofnewyork.us/resource/rbx6-tga4.json
2026-09-17,DOB NOW: Build – Approved Permits,General Construction,53 AVENUE,Queens,GI ENDURANT LLC,https://data.cityofnewyork.us/resource/rbx6-tga4.json
2026-09-17,DOB NOW: Build – Approved Permits,General Construction,168 STREET,Queens,BRP DEVELOPMENT CORP,https://data.cityofnewyork.us/resource/rbx6-tga4.json
2026-09-17,DOB NOW: Build – Approved Permits,Foundation,170 STREET,Queens,PR,https://data.cityofnewyork.us/resource/rbx6-tga4.json
2026-09-17,DOB NOW: Build – Approved Permits,General Construction,TELLER AVENUE,Bronx,BESTROW REAL ESTATE,https://data.cityofnewyork.us/resource/rbx6-tga4.json
2026-09-17,DOB NOW: Build – Approved Permits,Structural,TRYON PLACE,Queens,PR,https://data.cityofnewyork.us/resource/rbx6-tga4.json
2026-09-17,DOB NOW: Build – Approved Permits,General Construction,70 DRIVE,Queens,Not Applicable,https://data.cityofnewyork.us/resource/rbx6-tga4.json
2026-09-17,DOB NOW: Build – Approved Permits,General Construction,NORTH HENRY STREET,Brooklyn,SPRUCE CONSULTING INC,https://data.cityofnewyork.us/resource/rbx6-tga4.json
2026-09-17,DOB NOW: Build – Approved Permits,General Construction,SEIGEL STREET,Brooklyn,BUNGALOW PROJECTS,https://data.cityofnewyork.us/resource/rbx6-tga4.json
2026-09-17,DOB NOW: Build – Approved Permits,General Construction,89 STREET,Queens,Not Applicable,https://data.cityofnewyork.us/resource/rbx6-tga4.json
2026-09-17,DOB NOW: Build – Approved Permits,General Construction,1 STREET,Brooklyn,TESTBUSINESS1,https://data.cityofnewyork.us/resource/rbx6-tga4.json
2026-09-17,DOB NOW: Build – Approved Permits,General Construction,VANDERBILT AVENUE,Brooklyn,Not Applicable,https://data.cityofnewyork.us/resource/rbx6-tga4.json
2026-09-17,DOB NOW: Build – Approved Permits,Construction Fence,NORTH    8 STREET,Brooklyn,NY ONE REALTY INC.,https://data.cityofnewyork.us/resource/rbx6-tga4.json
2026-09-17,DOB NOW: Build – Approved Permits,Structural,WALL STREET,Manhattan,FIRST SERVICE RESIDENTIAL,https://data.cityofnewyork.us/resource/rbx6-tga4.json
2026-09-17,DOB NOW: Build – Approved Permits,Structural,PELHAM WALK,Queens,"BREEZY POINT COOPERATIVE, INC.",https://data.cityofnewyork.us/resource/rbx6-tga4.json
2026-09-17,DOB NOW: Build – Approved Permits,Foundation,BAY   20 STREET,Brooklyn,PR,https://data.cityofnewyork.us/resource/rbx6-tga4.json
2026-09-17,DOB NOW: Build – Approved Permits,Structural,WEMPLE STREET,Staten Island,"Hanwha Q Cells America, Inc.",https://data.cityofnewyork.us/resource/rbx6-tga4.json
2026-09-17,DOB NOW: Build – Approved Permits,General Construction,PERRY STREET,Manhattan,PR,https://data.cityofnewyork.us/resource/rbx6-tga4.json
2026-09-17,DOB NOW: Build – Approved Permits,General Construction,DARTMOUTH STREET,Queens,JEAN BLANCO,https://data.cityofnewyork.us/resource/rbx6-tga4.json
2026-09-17,DOB NOW: Build – Approved Permits,General Construction,77 STREET,Brooklyn,Not Applicable,https://data.cityofnewyork.us/resource/rbx6-tga4.json
2026-09-17,DOB NOW: Build – Approved Permits,Earth Work,BAY   20 STREET,Brooklyn,PR,https://data.cityofnewyork.us/resource/rbx6-tga4.json
2026-09-17,DOB NOW: Build – Approved Permits,Earth Work,99 STREET,QUEENS,FONGTASY INC.,https://data.cityofnewyork.us/resource/rbx6-tga4.json
2026-09-17,DOB NOW: Build – Approved Permits,Structural,MORRIS AVENUE,Bronx,FDNY,https://data.cityofnewyork.us/resource/rbx6-tga4.json
2026-09-17,DOB NOW: Build – Approved Permits,General Construction,WEST  145 STREET,Manhattan,"AKAM ASSOCIATES, INC.",https://data.cityofnewyork.us/resource/rbx6-tga4.json
2026-09-17,DOB NOW: Build – Approved Permits,General Construction,BLEECKER STREET,Manhattan,Swati Raolji,https://data.cityofnewyork.us/resource/rbx6-tga4.json
2026-09-17,DOB NOW: Build – Approved Permits,General Construction,58 STREET,Brooklyn,Not Applicable,https://data.cityofnewyork.us/resource/rbx6-tga4.json
2026-09-17,DOB NOW: Build – Approved Permits,General Construction,ANNADALE ROAD,Staten Island,FASBUILDINGCORP.,https://data.cityofnewyork.us/resource/rbx6-tga4.json
2026-09-17,DOB NOW: Build – Approved Permits,Full Demolition,CAESAR PLACE,Bronx,Not Applicable,https://data.cityofnewyork.us/resource/rbx6-tga4.json
2026-09-17,DOB NOW: Build – Approved Permits,General Construction,EAST   34 STREET,Manhattan,PR,https://data.cityofnewyork.us/resource/rbx6-tga4.json
2026-09-17,DOB NOW: Build – Approved Permits,General Construction,INDEPENDENCE AVENUE,Brooklyn,PR,https://data.cityofnewyork.us/resource/rbx6-tga4.json
2026-09-17,DOB NOW: Build – Approved Permits,Structural,BAY   20 STREET,Brooklyn,PR,https://data.cityofnewyork.us/resource/rbx6-tga4.json
2026-09-17,DOB NOW: Build – Approved Permits,General Construction,COLLIS PLACE,Bronx,Not Applicable,https://data.cityofnewyork.us/resource/rbx6-tga4.json
2026-09-17,DOB NOW: Build – Approved Permits,General Construction,CLINTON PLACE,Staten Island,14dennett123LLC,https://data.cityofnewyork.us/resource/rbx6-tga4.json
2026-09-17,DOB NOW: Build – Approved Permits,General Construction,SHORE PARKWAY,Brooklyn,MORDECHEI EISSENBERG,https://data.cityofnewyork.us/resource/rbx6-tga4.json
2026-09-17,YIMBY,"Two-Tower Second Phase of Flushing Commons Breaks Ground in Flushing, Queens",Two-Tower Second Phase of Flushing Commons Breaks Ground,Queens,F&T Group and EDNYC. Flushing Commons. Developed by F&T Group and EDNYC. The first phase of Flushing Commons was completed in 2017 and features 148 condominium units,https://newyorkyimby.com/2026/09/two-tower-second-phase-of-flushing-commons-breaks-ground-in-flushing-queens.html
2026-09-17,YIMBY,"Permits Filed for 507 East 185th Street in Belmont, The Bronx",507 East 185th Street,Bronx,behind the applications. The proposed 112-foot-tall development will yield 32,https://newyorkyimby.com/2026/09/permits-filed-for-507-east-185th-street-in-belmont-the-bronx.html
2026-09-17,YIMBY,"Permits Filed for 250 Midwood Street in Prospect Lefferts Gardens, Brooklyn",250 Midwood Street,Brooklyn,behind the applications. The proposed 55-foot-tall development will yield 8,https://newyorkyimby.com/2026/09/permits-filed-for-250-midwood-street-in-prospect-lefferts-gardens-brooklyn.html
